Journal,Pub. Year,Pub. Date,Reviewer,Reviewer Gender,Book,Author,Author Gender,Press,Link
Boxcar Poetry Review,12,Fall 2012,Katherine Hoerth,Female,The Organ Builder,Austin MacRae,Male,Dos Madres Press,http://www.boxcarpoetry.com/031/review_austin_macrae_hoerth.html
Boxcar Poetry Review,12,Summer 2012,Taylor Rickett,Male,Shahid Reads His Own Palm,Reginald Dwayne Betts,Male,Alice James Books,http://www.boxcarpoetry.com/030/review_reginald_dwayne_betts_rickett.html
Boxcar Poetry Review,12,Summer 2012,Katie Schmid,Female,Voices Through Skin,Theresa Senato Edwards,Female,Sibling Rivalry Press,http://www.boxcarpoetry.com/030/review_theresa_senato_edwards_schmid.html
Boxcar Poetry Review,13,Summer 2013,Nicholas Geisler,Male,Gust,Greg Alan Brownderville,Male,Triquarterly,http://www.boxcarpoetry.com/032/review_greg_brownderville_geisler.html
Colorado Review,12,2012,Daniel Manuel Mendoza,Male,A Penance,C.J. Evans,Male,New Issues Poetry & Prose,http://coloradoreview.colostate.edu/reviews/a-penance/
Colorado Review,12,2012,Timothy David Orme,Male,Enigma and Light,David Mutschlecner,Male,Ahsahta Press,http://coloradoreview.colostate.edu/reviews/enigma-and-light/
Colorado Review,12,2012,Kristina Marie Darling,Female,Grammar,Elizabeth Savage,Female,Furniture Press Books,http://coloradoreview.colostate.edu/reviews/grammar/
Colorado Review,12,2012,Caitlin Mackenzie,Female,Kindertotenwald,Franz Wright,Male,Knopf,http://coloradoreview.colostate.edu/reviews/kindertotenwald/
Colorado Review,12,2012,Kristina Marie Darling,Female,Second Nature,Jack Collom,Male,Instance Press,http://coloradoreview.colostate.edu/reviews/second-nature/
Colorado Review,12,2012,Lori A. May,Female,Listening for Earthquakes,Jasmine Dreame Wagner,Female,Caketrain,http://coloradoreview.colostate.edu/reviews/listening-for-earthquakes/
Colorado Review,12,2012,Robert Huddleston,Male,Place: New Poems,Jorie Graham,Female,Ecco Press,http://coloradoreview.colostate.edu/reviews/place-new-poems/
Colorado Review,12,2012,Julia Anjard Maher,Female,Chinoiserie,Karen Rigby,Female,Ahsahta Press,http://coloradoreview.colostate.edu/reviews/chinoiserie/
Colorado Review,12,2012,Mark Scroggins,Male,This Constellation Is a Name: Collected Poems 1965-2010,Michael Heller,Male,Nightboat Books,http://coloradoreview.colostate.edu/reviews/this-constellation-is-a-name/
Colorado Review,12,2012,Kristina Marie Darling,Female,Punchline,Nick Courtright,Male,Gold Wake Press,http://coloradoreview.colostate.edu/reviews/punchline/
Colorado Review,12,2012,Kent Shaw,Male,The Fact of the Matter,Sally Keith,Female,Milkweed Editions,http://coloradoreview.colostate.edu/reviews/the-fact-of-the-matter/
Colorado Review,12,2012,Christopher Kondrich,Male,Road Scatter,Sandra Meek,Female,Persea Books,http://coloradoreview.colostate.edu/reviews/road-scatter/
Colorado Review,13,2013,Elizabeth Robinson,Female,A Dark Dreambox of Another Kind,Alfred Starr Hamilton,Male,The Song Cave,http://coloradoreview.colostate.edu/reviews/dark-dreambox/
Colorado Review,13,2013,Kristina Marie Darling,Female,Small Porcelain Head,Allison Benis White,Female,Four Way Books,http://coloradoreview.colostate.edu/reviews/small-porcelain-head/
Colorado Review,13,2013,Jacqueline Lyons,Female,Companion Grasses,Brian Teare,Male,Omnidawn Publishing,http://coloradoreview.colostate.edu/reviews/companion-grasses/
Colorado Review,13,2013,Andrew Nance,Male,To Anacreon in Heaven and Other Poems,Graham Foust,Male,Flood Editions,http://coloradoreview.colostate.edu/reviews/to-anacreon/
Colorado Review,13,2013,Rachel Abramowitz,Female,Imperial Nostalgias,Joshua Edwards,Male,Ugly Duckling Presse,http://coloradoreview.colostate.edu/reviews/4799/
Colorado Review,13,2013,Tim Wood,Male,The Final Take,Mario Susko,Male,Poetry Salzburg,http://coloradoreview.colostate.edu/reviews/the-final-take/
Colorado Review,13,2013,Julie Marie Wade,Female,Fibonacci Batman:  New and Selected Poems (1991-2011),Maureen Seaton,Female,Carnegie Mellon University Press,http://coloradoreview.colostate.edu/reviews/fibonacci-batman/
Colorado Review,13,2013,Kristin George Bagdanov,Female,Sunday Rising,Patricia Clark,Female,Michigan State University Press,http://coloradoreview.colostate.edu/reviews/sunday-rising/
Drunken Boat,12,05.21.2012,Andrew Najberg,Male,Stranger in Town,Cedar Sigo,Male,City Lights,http://drunkenboat.com/db15/stranger-in-town
Drunken Boat,12,05.21.2012,Geoffrey Babbitt,Male,New & Selected Poems,Charles O. Hartman,Male,Ahsahta Press,http://drunkenboat.com/db15/new-and-selected-poems
Drunken Boat,12,05.21.2012,Kathryn Nuernberger,Female,Coronology,Claire Bateman,Female,Etruscan Press,http://drunkenboat.com/db15/coronology
Drunken Boat,12,05.21.2012,Jenny Gropp Hess,Female,Circle's Apprentice,Dan Beachy-Quick,Male,Tupelo Press,http://drunkenboat.com/db15/circles-apprentice
Drunken Boat,12,05.21.2012,Anna Mockler,Female,Hoodwinked,David Hernandez,Male,"Sarabande Books, Inc.",http://drunkenboat.com/db15/hoodwinked
Drunken Boat,12,05.21.2012,Valerie Wetlaufer,Female,Discipline,Dawn Lundy Martin,Female,Nightboat Books,http://drunkenboat.com/db15/discipline
Drunken Boat,12,05.21.2012,Kris Bigalk,Female,Fall Higher,Dean Young,Male,Copper Canyon Press,http://drunkenboat.com/db15/fall-higher
Drunken Boat,12,05.21.2012,Brenda Sieczkowski,Female,Saint Erasure,Donne de la Perriere,Female,Talisman House,http://drunkenboat.com/db15/saint-erasure
Drunken Boat,12,05.21.2012,Megan Burns,Female,Blue Rain Morning,Jamey Jones,Male,"Farfalla, McMillian & Parrish",http://drunkenboat.com/db15/blue-rain-morning
Drunken Boat,12,05.21.2012,Sarah Pape,Female,Dreamlife of a Philanthropist,Janet Kaplan,Female,University of Notre Dame Press,http://drunkenboat.com/db15/dreamlife-of-a-philanthropist
Drunken Boat,12,05.21.2012,William Lazarus Wacker,Male,not merely because of the unknown that was stalking toward them,Jenny Boully,Female,Tarpaulin Sky Press,http://drunkenboat.com/db15/not-merely-because-of-the-unknown-that-was-stalking-toward-them
Drunken Boat,12,05.21.2012,Helena Sullivan,Female,Testify,Joseph Lease,Male,Coffee House Press,http://drunkenboat.com/db15/testify
Drunken Boat,12,05.21.2012,Andrew Najberg,Male,The Cold War,Kathleen Ossip,Female,"Sarabande Books, Inc.",http://drunkenboat.com/db15/the-cold-war
Drunken Boat,12,05.21.2012,Jennifer K Dick,Female,Dark Archive,Laura Mullen,Female,University of California Press,http://drunkenboat.com/db15/dark-archive
Drunken Boat,12,05.21.2012,Erin Lyndal Martin,Female,Flower Cart,Lisa Fishman,Female,Ahsahta Press,http://drunkenboat.com/db15/flower-cart
Drunken Boat,12,05.21.2012,Karin Gottshall,Female,Selected Poems,Mary Ruefle,Female,Wave Books,http://drunkenboat.com/db15/selected-poems
Drunken Boat,12,05.21.2012,Eric Rawson,Male,lucky coat anywhere,Michael Burkard,Male,Nightboat Books,http://drunkenboat.com/db15/lucky-coat-anywhere
Drunken Boat,12,05.21.2012,Eric Rawson,Male,We Are Pharaoh,Robert Fernandez,Male,Canarium Books,http://drunkenboat.com/db15/we-are-pharaoh
Drunken Boat,12,05.21.2012,J K Andrews,Female,Either Way I'm Celebrating,Sommer Browning,Female,Birds LLC,http://drunkenboat.com/db15/either-way-im-celebrating
Drunken Boat,13,07.16.2013,Kristina Marie Darling,Female,How Like Foreign Objects,Alexis Orgera,Female,H_NGM_N Books,http://www.drunkenboat.com/db17/how-foreign-objects
Drunken Boat,13,07.16.2013,Erin Lyndal Martin,Female,IOVIS: Colors in the Mechanism of Concealment,Anne Waldman,Female,Coffee House Press,http://www.drunkenboat.com/db17/iovis-colors-mechanism-concealment
Drunken Boat,13,07.16.2013,Kirsten Jorgenson,Female,Schizophrene,Bhanu Kapil,Female,Nightboat Books,http://www.drunkenboat.com/db17/schizophrene
Drunken Boat,13,07.16.2013,Ian Chung,Male,A Beautiful Marsupial Afternoon,CAConrad,Male,Wave Books,http://www.drunkenboat.com/db17/beautiful-marsupial-afternoon
Drunken Boat,13,07.16.2013,Michael McLane,Male,The Crushing Organ,Dan Rosenberg,Male,Dream Horse Press,http://www.drunkenboat.com/db17/crushing-organ
Drunken Boat,13,07.16.2013,Karin Gottshall,Female,Lovely Asunder,Danielle Cadena Deulen,Female,The University of Arkansas Press,http://www.drunkenboat.com/db17/lovely-asunder
Drunken Boat,13,07.16.2013,Alexis Orgera,Female,Madame X,Darcie Dennigan,Female,Canarium Books,http://www.drunkenboat.com/db17/madame-x
Drunken Boat,13,07.16.2013,Erin Lyndal Martin,Female,Thunderbird,Dorothea Lasky,Female,Wave Books,http://www.drunkenboat.com/db17/thunderbird-4
Drunken Boat,13,07.16.2013,Jennifer K Dick,Female,Body Sweats:  The uncensored Writings of Elsa Von Freytag-Loringhoven,Elsa Von Freytag-Loringhoven,Female,MIT Press,http://www.drunkenboat.com/db17/body-sweats-uncensored-writings-elsa-von-freytag-loringhoven
Drunken Boat,13,07.16.2013,Nathan Hauke,Male,N18 (Complete),Hank Lazer,Male,Singing Horse Press,http://www.drunkenboat.com/db17/n18-complete
Drunken Boat,13,07.16.2013,Ishion Hutchinson,Male,Whitethorn,Jacqueline Osherow,Female,LSU Press,http://www.drunkenboat.com/db17/whitethorn
Drunken Boat,13,07.16.2013,Elisabeth Whitehead,Female,Pier,Janine Oshiro,Female,Alice James Books,http://www.drunkenboat.com/db17/pier
Drunken Boat,13,07.16.2013,Michelle Chan Brown,Female,Red Army Red,Jehanne Dubrow,Female,Triquarterly Press,http://www.drunkenboat.com/db17/red-army-red
Drunken Boat,13,07.16.2013,Pepper Luboff,Female,fault tree,Kathryn L. Pringle,Female,Omnidawn Publishing,http://www.drunkenboat.com/db17/fault-tree
Drunken Boat,13,07.16.2013,Andrew Najberg,Male,In the Futurity Lounge / An Asylum for Indeterminacy,Marjorie Welish,Female,Coffee House Press,http://www.drunkenboat.com/db17/futurity-lounge-asylum-indeterminacy
Drunken Boat,13,07.16.2013,Caryl Pagel,Female,We Have With Us Your Sky,Melanie Hubbard,Female,Subito Press,http://www.drunkenboat.com/db17/we-have-us-your-sky
Drunken Boat,13,07.16.2013,Joan Retallack,Female,per se,P. Inman,Male,Burning Deck,http://www.drunkenboat.com/db17/se
Drunken Boat,13,07.16.2013,Jennifer Jean,Female,Threshold Songs,Peter Gizzi,Male,Wesleyan University Press,http://www.drunkenboat.com/db17/threshold-songs
Drunken Boat,13,07.16.2013,Valerie Wetlaufer,Female,Between the Crackups,Rebecca Lehmann,Female,Salt Publishing,http://www.drunkenboat.com/db17/between-crackups
Iowa Review,12,03.05.2012,TaraShea Nesbit,Female,not merely because of the unknown that was stalking toward them,Jenny Boully,Female,Tarpaulin Sky Press,http://iowareview.uiowa.edu/reviews/mar-05-2012/jenny_boullys_not_merely_because
Iowa Review,12,04.17.2012,Christopher Prewitt,Male,Each Breath I Cannot Hold,George Eklund,Male,Wind Publications,http://iowareview.uiowa.edu/reviews/apr-17-2012/george_eklund_s_each_breath_i_cannot_hold
Iowa Review,12,05.10.2012,Nick Ripatrazone,Male,Instructions for Killing the Jackal,Erica Wright,Female,Black Lawrence Press,http://iowareview.uiowa.edu/reviews/may-10-2012/erica_wrights_instructions_for_killing_the_jackal
Iowa Review,12,06.19.2012,Angela Veronica Wong,Female,Phyla of Joy,Karen An-Hwei Lee,Female,Tupelo Press,http://iowareview.uiowa.edu/reviews/jun-19-2012/karen_anhwei_lees_phyla_of_joy
Iowa Review,12,07.18.2012,Tim Wood,Male,Declaration for Your Bones,Duane Esposito,Male,Yuganta Press,http://iowareview.uiowa.edu/reviews/jul-18-2012/duane_esposito_s_declaration_for_your_bones
Iowa Review,12,07.31.2012,Matt Miller,Male,Helsinki,Peter Richards,Male,Action Books,http://iowareview.uiowa.edu/reviews/jul-31-2012/peter_richardss_helsinki
Iowa Review,12,08.14.2012,Karen An-Hwei Lee,Female,Year of Reversible Loss,Norma Farber,Female,El Leon Literary Arts,http://iowareview.uiowa.edu/reviews/aug-14-2012/norma_farbers_year_of_reversible_loss
Iowa Review,12,08.29.2012,Robert McNamara,Male,Mania Klepto: The Book of Eulene,Carolyne Wright,Female,Turning Point Books,http://iowareview.uiowa.edu/reviews/aug-29-2012/carolyne_wrights_mania_klepto
Iowa Review,12,09.12.2012,Rebecca van Laer,Female,Spitshine,Anne Marie Rooney,Female,Carnegie Mellon University Press,http://iowareview.uiowa.edu/reviews/sep-12-2012/anne_marie_rooneys_spitshine
Iowa Review,13,01.22.2013,Micah Bateman,Male,Mule,Shane McCrae,Male,Cleveland State University Poetry Center,http://iowareview.uiowa.edu/reviews/jan-22-2013/shane_mccrae_s_mule
Iowa Review,13,02.19.2013,Virginia Konchan,Female,After Urgency,Rusty Morrison,Female,Tupelo Press,http://iowareview.uiowa.edu/reviews/feb-19-2013/rusty_morrisons_after_urgency
Iowa Review,13,03.07.2013,Rebecca Morgan Frank,Female,My Scarlet Ways,Tanya Larkin,Female,Saturnalia Books,http://iowareview.uiowa.edu/reviews/mar-07-2013/tanya_larkins_my_scarlet_ways
Iowa Review,13,03.19.2013,Julie Marie Wade,Female,Blowout,Denise Duhamel,Female,University of Pittsburgh Press,http://iowareview.uiowa.edu/reviews/mar-19-2013/denise_duhamels_blowout
Iowa Review,13,04.02.2013,Nick Ripatrazone,Male,The Always Broken Plates of Mountains,Rose McLarney,Female,Four Way Books,http://iowareview.uiowa.edu/reviews/apr-02-2013/rose_mclarneys_the_always_broken_plates_of_mountains
Iowa Review,13,04.30.2013,Carrie Chappell,Female,The Lifting Dress,Lauren Berry,Female,Penguin Books,http://iowareview.uiowa.edu/reviews/apr-30-2013/lauren_berry_s_the_lifting_dress
Iowa Review,13,06.11.2013,Sean Patrick Hill,Male,To Anacreon in Heaven and Other Poems,Graham Foust,Male,Flood Editions,http://iowareview.uiowa.edu/reviews/jun-11-2013/graham_fousts_to_anacreon_in_heaven_and_other_poems
Iowa Review,13,08.06.2013,Kristina Marie Darling,Female,Big Bad Asterisk,Carlo Matos,Male,BlazeVOX [books],http://iowareview.uiowa.edu/reviews/aug-06-2013/carlo_matoss_big_bad_asterisk
Iowa Review,13,08.20.2013,Will Vincent,Male,The Crisis of Infinite Worlds,Dana Ward,Male,Futurepoem,http://iowareview.uiowa.edu/reviews/aug-20-2013/dana_ward_s_the_crisis_of_infinite_worlds
Iowa Review,13,09.04.2013,Carolyne Wright,Female,School of the Americas,David Rigsbee,Male,Black Lawrence Press,http://iowareview.uiowa.edu/reviews/sep-04-2013/david_rigsbees_school_of_the_americas
Iowa Review,13,10.01.2013,Maggie Millner,Female,Vulgar Remedies,Anna Journey,Female,Louisiana State University Press,http://iowareview.uiowa.edu/reviews/oct-01-2013/anna_journeys_vulgar_remedies
Iowa Review,13,10.29.2013,Chris Pusateri,Male,Bravura Cool,Jane Lewty,Female,1913 Press,http://iowareview.uiowa.edu/reviews/oct-29-2013/jane_lewty_s_bravura_cool
Kenyon Review,12,Fall 2012,Jenny Johnson,Female,Songs and Stories of the Ghouls,Alice Notley,Female,Wesleyan University Press,http://www.kenyonreview.org/kr-online-issue/2012-fall/selections/songs-and-stories-of-the-ghouls-by-alice-notley-738439/
Kenyon Review,12,Fall 2012,Lauren Goodwin Slaughter,Female,Ennui Prophet,Christopher Kennedy,Male,BOA Editions,http://www.kenyonreview.org/kr-online-issue/2012-fall/selections/ennui-prophet-by-christopher-kennedy-738439/
Kenyon Review,12,Fall 2012,Andrew McFadyen-Ketchum,Male,Manoleria,Daniel Khalastchi,Male,Tupelo Press,http://www.kenyonreview.org/kr-online-issue/2012-fall/selections/manoleria-by-daniel-khalastchi-738439/
Kenyon Review,12,Fall 2012,Rachel Richardson,Female,Raptus,Joanna Klink,Female,Penguin Books,http://www.kenyonreview.org/kr-online-issue/2012-fall/selections/raptus-by-joanna-klink-738439/
Kenyon Review,12,Spring 2012,Daniel Poppick,Male,Becoming Weather,Chris Martin,Male,Coffee House Press,http://www.kenyonreview.org/kr-online-issue/spring-2012-2/selections/becoming-weather-by-chris-martin-738439/
Kenyon Review,12,Spring 2012,Kascha Semanovitch,Female,Vanishing-Line,Jeffrey Yang,Male,Graywolf Press,http://www.kenyonreview.org/kr-online-issue/spring-2012-2/selections/semonovitch_yang/
Kenyon Review,12,Spring 2012,Eric Weinstein,Male,California,Jennifer Denrow,Female,Four Way Books,http://www.kenyonreview.org/kr-online-issue/spring-2012-2/selections/california-state-of-mind/
Kenyon Review,12,Spring 2012,Hilary Plum,Female,Selected Poems,Mary Ruefle (edit.),Female,Wave Books,http://www.kenyonreview.org/kr-online-issue/spring-2012-2/selections/selected-poems-by-mary-ruefle-738439/
Kenyon Review,12,Spring 2012,Andy Frazee,Male,The Selected Poems of Ted Berrigan,Ted Berrigan (edit.),Male,University of California Press,http://www.kenyonreview.org/kr-online-issue/spring-2012-2/selections/selected-poems-of-ted-berrigan-edited-by-alice-notley-anselm-berrigan-and-edmund-berrigan-738439/
Kenyon Review,12,Summer 2012,Erika Jo Brown,Female,I Am Not A Pioneer,Adam Fell,Male,H_NGM_N Books,http://www.kenyonreview.org/kr-online-issue/2012-summer/selections/i-am-not-pioneer-by-adam-fell-738439/
Kenyon Review,12,Summer 2012,Anna Journey,Female,The Girls of Peculiar,Catherine Pierce,Female,Saturnalia Books,http://www.kenyonreview.org/kr-online-issue/2012-summer/selections/the-girls-of-peculiar-by-catherine-pierce-738439/
Kenyon Review,12,Summer 2012,Dan Chelotti,Male,Christopher Sunset,Geoffrey Nutter,Male,Wave Books,http://www.kenyonreview.org/kr-online-issue/2012-summer/selections/christopher-sunset-by-geoffrey-nutter-738439/
Kenyon Review,12,Summer 2012,Craig Santos Perez,Male,Cassino:  City of Martyrs/Citta Martire,Robert Sullivan,Male,Huia Publishers,http://www.kenyonreview.org/kr-online-issue/2012-summer/selections/cassino-city-of-martyrs-citta-martire-by-robert-sullivan-738439/
Kenyon Review,12,Winter 2012,Kristen Evans,Female,You and Three Others are Approaching a Lake,Anna Moschovakis,Female,Coffee House Press,http://www.kenyonreview.org/kr-online-issue/winter-2012-2/selections/evans_moschovakis/
Kenyon Review,12,Winter 2012,Lindsay Turner,Female,Mule,Shane McCrae,Male,Cleveland State University Poetry Center,http://www.kenyonreview.org/kr-online-issue/winter-2012-2/selections/turner_mccrae/
Kenyon Review,13,Fall 2013,Anna Journey,Male,Your Invitation to a Modest Breakfast,Hannah Gamble,Female,Fence Books,http://www.kenyonreview.org/kr-online-issue/2013-fall/selections/your-invitation-to-a-modest-breakfast-by-hannah-gamble-738439/
Kenyon Review,13,Fall 2013,Lori A. May,Female,Cutting Room,Sarah Pinder,Female,Coach House Books,http://www.kenyonreview.org/kr-online-issue/2013-fall/selections/cutting-room-by-sarah-pinder-738439/
Kenyon Review,13,Spring 2013,Rachel Abramowitz,Female,The Trees The Trees,Heather Christle,Female,Octopus Books,http://www.kenyonreview.org/kr-online-issue/2013-spring/selections/the-trees-the-trees-by-heather-christle-738439/
Kenyon Review,13,Spring 2013,John James,Male,On the Spectrum of Possible Deaths,Lucia Perillo,Female,Copper Canyon Press,http://www.kenyonreview.org/kr-online-issue/2013-spring/selections/on-the-spectrum-of-possible-deaths-by-lucia-perillo-738439/
Kenyon Review,13,Spring 2013,Mira Rosenthal,Female,Army Cats,Tom Sleigh,Male,Graywolf Press,http://www.kenyonreview.org/kr-online-issue/2013-spring/selections/army-cats-by-tom-sleigh-738439/
Kenyon Review,13,Spring 2013,Micah Bateman,Male,"The City, Our City",Wayne Miller,Male,Milkweed Editions,http://www.kenyonreview.org/kr-online-issue/2013-spring/selections/the-city-our-city-by-wayne-miller-738439/
Kenyon Review,13,Summer 2013,Anna Journey,Female,Egypt from Space,Fritz Goldberg,Female,Oberlin College Press,http://www.kenyonreview.org/kr-online-issue/2013-summer/selections/egypt-from-space-by-beckian-fritz-goldberg-738439/
Kenyon Review,13,Summer 2013,Jeremy Bass,Male,"Space, In Chains",Laura Kasischke,Female,Copper Canyon Press,http://www.kenyonreview.org/kr-online-issue/2013-summer/selections/space-in-chains-by-laura-kasischke-738439/
Kenyon Review,13,Summer 2013,Rachel Richardson,Female,The Collected Poems of Lucille Clifton,Lucille Clifton (edit.),Female,BOA Editions,http://www.kenyonreview.org/kr-online-issue/2013-summer/selections/the-collected-poems-of-lucille-clifton-738439/
Kenyon Review,13,Summer 2013,Emilia Phillips,Female,Animal Eye,Paisley Rekdal,Female,University of Pittsburgh Press,http://www.kenyonreview.org/kr-online-issue/2013-summer/selections/animal-eye-by-paisley-rekdal-738439/
Kenyon Review,13,Summer 2013,Andy Frazee,Male,Threshold Songs,Peter Gizzi,Male,Wesleyan University Press,http://www.kenyonreview.org/kr-online-issue/2013-summer/selections/threshold-songs-by-peter-gizzi-738439/
Kenyon Review,13,Summer 2013,Kristen Evans,Female,Book of the Given,Rusty Morrison,Female,Noemi Press,http://www.kenyonreview.org/kr-online-issue/2013-summer/selections/book-of-the-given-by-rusty-morrison-738439/
Kenyon Review,13,Summer 2013,Ben Purkert,Male,The Fact of the Matter,Sally Keith,Female,Milkweed Editions,http://www.kenyonreview.org/kr-online-issue/2013-summer/selections/the-fact-of-the-matter-by-sally-keith-738439/
Kenyon Review,13,Winter 2013,Ben Purkert,Male,The Available World,Ander Monson,Male,"Sarabande Books, Inc.",http://www.kenyonreview.org/kr-online-issue/2013-winter/selections/the-available-world-by-ander-monson-738439/
Kenyon Review,13,Winter 2013,Dilruba Ahmed,Female,Torn,C. Dale Young,Male,Four Way Books,http://www.kenyonreview.org/kr-online-issue/2013-winter/selections/torn-by-c-dale-young-738439/
Kenyon Review,13,Winter 2013,John Steen,Male,The Odicy,Cyrus Console,Male,Omnidawn Publishing,http://www.kenyonreview.org/kr-online-issue/2013-winter/selections/the-odicy-by-cyrus-console-738439/
Kenyon Review,13,Winter 2013,Anna Journey,Female,Slow Lightning,Eduardo C. Corral,Male,Yale University Press,http://www.kenyonreview.org/kr-online-issue/2013-winter/selections/slow-lightning-by-eduardo-c-corral-738439/
Kenyon Review,13,Winter 2013,Adam Eaglin,Male,Touch,Henri Cole,Male,"Farrar, Straus and Giroux",http://www.kenyonreview.org/kr-online-issue/2013-winter/selections/touch-by-henri-cole-738439/
New York Quarterly,12,01.05.2012,Michael Keenan,Male,In the Kingdom of Oblivion,John Sweet,Male,Wall of Noise Press,http://nyqreviews.org/in-the-kingdom-of-oblivion-by-john-sweet/
New York Quarterly,12,02.08.2012,C.L. Bledsoe,Male,What is Owed the Dead,R.H.W. Dillard,Male,Factory Hollow Press,http://nyqreviews.org/what-is-owed-the-dead-by-r-w-h-dillard/
New York Quarterly,12,02.26.2012,Amy Glynn Greacen,Female,Night of the Republic,Alan Shapiro,Male,"Houghton, Mifflin, Harcourt",http://nyqreviews.org/night-of-the-republic-by-alan-shapiro/
New York Quarterly,12,03.17.2012,Marybeth Rua-Larsen,Female,Grasshopper: The Poetry of M.A. Griffiths,M.A. Griffiths,Female,Arrowhead Press,http://nyqreviews.org/grasshopper-the-poetry-of-m-a-griffiths/
New York Quarterly,12,03.31.2012,Quincy Lehr,Male,12: Sonnets for the Zodiac,John Gosslee,Male,Gival Press,http://nyqreviews.org/12-sonnets-for-the-zodiac-by-john-gosslee/
New York Quarterly,12,08.30.2012,Devin McGuire,Male,can't stop now!,John Yamrus,Male,Epic Rites Press,http://nyqreviews.org/cant-stop-now-by-john-yamrus/
New York Quarterly,12,09.12.2012,Sabrina Dalla Valle,Female,Schizophrene,Bhanu Kapil,Female,Nightboat Books,http://nyqreviews.org/schizophrene-by-bahnu-kapil/
New York Quarterly,12,10.02.2012,Melanie Moro-Huber,Female,"Otherwise, Soft White Ash",Kelli Allen,Female,John Gosselee Books,http://nyqreviews.org/otherwise-soft-white-ash-poems-and-other-creatures-by-kelli-allen/
New York Quarterly,12,10.22.2012,C.L. Bledsoe,Male,Meeting Bone Man,Joseph Ross,Male,Main Street Rag Publishing,http://nyqreviews.org/meeting-bone-man-by-joseph-ross/
New York Quarterly,12,12.15.2012,Richard Wakefield,Male,Lines of Flight,Catherine Chandler,Female,Able Muse Press,http://nyqreviews.org/lines-of-flight-by-catherine-chandler/
New York Quarterly,13,01.23.2013,Kelli Allen,Female,8th & Agony,Rich Ferguson,Male,Punk Hostage Press,http://nyqreviews.org/8th-and-agony-by-rich-ferguson/
Poetry,13,03.01.2013,Jason Guriel,Male,Red Doc>,Anne Carson,Female,Knopf,http://www.poetryfoundation.org/poetrymagazine/article/245432
Poetry,13,09.03.2013,Frederick Seidel,Male,Left-handed,Jonathan Galassi,Male,Knopf,http://www.poetryfoundation.org/poetrymagazine/article/246382
Poetry,13,10.01.2013,Christina Davis,Female,Trances of the Blast,Mary Ruefle,Female,Wave Books,http://www.poetryfoundation.org/poetrymagazine/article/246544
Rattle,12,01.05.2012,Kathleen Kirk,Female,Once,Meghan O'Rourke,Female,W.W. Norton,http://www.rattle.com/poetry/2012/01/once-by-meghan-orourke/
Rattle,12,01.10.2012,J. Scott Brownlee,Male,Blue Rust,Joseph Millar,Male,Carnegie Mellon University Press,http://www.rattle.com/poetry/2012/01/blue-rust-by-joseph-millar/
Rattle,12,01.15.2012,Nick DePascal,Male,"Space, In Chains",Laura Kasischke,Female,Copper Canyon Press,http://www.rattle.com/poetry/2012/01/space-in-chains-by-laura-kasischke/
Rattle,12,01.20.2012,Ellen Miller-Mack,Female,Blinking Ephemeral Valentine,Joni Wallace,Female,Four Way Books,http://www.rattle.com/poetry/2012/01/blinking-ephemeral-valentine-by-joni-wallace/
Rattle,12,02.05.2012,Nausheen Eusuf,Female,Two for a Journey,Carol Frith,Female,David Robert Books,http://www.rattle.com/poetry/2012/02/two-for-a-journey-by-carol-frith/
Rattle,12,02.25.2012,Michael Shmeltzer,Male,Flies,Michael Dickman,Male,Copper Canyon Press,http://www.rattle.com/poetry/2012/02/flies-by-michael-dickman/
Rattle,12,03.10.2012,Michael Meyerhofer,Male,The Melancholy MBA,Richard Donnelly,Male,Brick Road Poetry Press,http://www.rattle.com/poetry/2012/03/the-melancholy-mba-by-richard-donnelly/
Rattle,12,03.15.2012,Douglas Rutledge,Male,Devotions,Bruce Smith,Male,University of Chicago Press,http://www.rattle.com/poetry/2012/03/devotions-by-bruce-smith/
Rattle,12,03.20.2012,Joey Connelly,Male,This Morning,Michael Ryan,Male,"Houghton, Mifflin, Harcourt",http://www.rattle.com/poetry/2012/03/this-morning-by-michael-ryan/
Rattle,12,03.25.2012,Barrett Warner,Male,Stone and Sky,Larry Gavin,Male,Red Dragonfly Press,http://www.rattle.com/poetry/2012/03/stone-and-sky-by-larry-gavin/
Rattle,12,04.10.2012,Grace Curtis,Female,Make Yourself Small,Michelle Brooks,Female,The Backwaters Press,http://www.rattle.com/poetry/2012/04/make-yourself-small-by-michelle-brooks/
Rattle,12,04.15.2012,Eric Howard,Male,Xicano Duende: A Select Anthology,Alurista,Male,Bilingual Review Press,http://www.rattle.com/poetry/2012/04/xicano-duende-a-select-anthology-by-alurista/
Rattle,12,04.20.2012,J. Scott Brownlee,Male,I Live In A Hut,S.E. Smith,Female,Cleveland State University Poetry Center,http://www.rattle.com/poetry/2012/04/i-live-in-a-hut-by-s-e-smith/
Rattle,12,04.25.2012,Corinna McClanahan Schroeder,Female,Dream Cabinet,Ann Fisher-Wirth,Female,Wings Press,http://www.rattle.com/poetry/2012/04/dream-cabinet-by-ann-fisher-wirth/
Rattle,12,04.30.2012,Carmen Germain,Female,Fossil Honey,Charles Atkinson,Male,Hummingbird Press,http://www.rattle.com/poetry/2012/04/fossil-honey-by-charles-atkinson/
Rattle,12,05.05.2012,Barrett Warner,Male,A Little In Love A Lot,Paul Hostovsky,Male,Main Street Rag Publishing,http://www.rattle.com/poetry/2012/05/a-little-in-love-a-lot-by-paul-hostovsky/
Rattle,12,05.10.2012,Roy Robbins,Male,Drastic Dislocations,Barry Wallenstein,Male,NYQ Books,http://www.rattle.com/poetry/2012/05/drastic-dislocations-by-barry-wallenstein/
Rattle,12,05.15.2012,Valerie Martin Bailey,Female,Talking With Stanley Kunitz,Juanita Torrence-Thompson,Female,Torderwarz Publishing Company,http://www.rattle.com/poetry/2012/05/talking-with-stanley-kunitz-by-juanita-torrence-thompson/
Rattle,12,05.20.2012,Nate Friedman,Male,Utopia Minus,Susan Briante,Female,Ahsahta Press,http://www.rattle.com/poetry/2012/05/utopia-minus-by-susan-briante/
Rattle,12,05.25.2012,Ellen Miller-Mack,Female,A Fast Life: The Collected Poems of Tim Dlugos,Tim Dlugos (edit.),Male,Nightboat Books,http://www.rattle.com/poetry/2012/05/a-fast-life-the-collected-poems-of-tim-dlugos-edited-by-david-trinidad/
Rattle,12,06.05.2012,Lizi Gilad,Female,Carpathia,Cecilia Woloch,Female,BOA Editions,http://www.rattle.com/poetry/2012/06/carpathia-by-cecilia-woloch/
Rattle,12,06.10.2012,Mary Harwell Sayler,Female,Poetry! Poetry! Poetry!,Peter Davis,Male,Bloof Books,http://www.rattle.com/poetry/2012/06/poetry-poetry-poetry-by-peter-davis/
Rattle,12,06.25.2012,Hannah Olson,Female,Lost Songs & Last Chances,Chris Ransick,Male,Ghost Road Press,http://www.rattle.com/poetry/2012/06/lost-songs-last-chances-by-chris-ransick/
Rattle,12,07.05.2012,Benjamin Myers,Male,Red Fields,Jason Poudrier,Male,Mongrel Empire Press,http://www.rattle.com/poetry/2012/07/red-fields-by-jason-poudrier/
Rattle,12,07.10.2012,Jenn Ruckel,Female,Sonnets from the Dark Lady and Other Poems,Jennifer Reeser,Female,Saint James Infirmary Books,http://www.rattle.com/poetry/2012/07/sonnets-from-the-dark-lady-and-other-poems-by-jennifer-reeser/
Rattle,12,07.15.2012,Alejandro Escude,Male,Help is on the Way,John Brehm,Male,University of Wisconsin Press,http://www.rattle.com/poetry/2012/07/help-is-on-the-way-by-john-brehm/
Rattle,12,07.20.2012,Lori A. May,Female,But a Storm is Blowing from Paradise,Lillian-Yvonne Bertram,Female,Red Hen Press,http://www.rattle.com/poetry/2012/07/but-a-storm-is-blowing-from-paradise-by-lillian-yvonne-bertram/
Rattle,12,07.25.2012,Eric Howard,Male,Vocabulary of Silence,Veronica Golos,Female,Red Hen Press,http://www.rattle.com/poetry/2012/07/vocabulary-of-silence-by-veronica-golos/
Rattle,12,07.30.2012,Todd Davis,Male,"Early Creatures, Native Gods",K.A. Hays,Female,Carnegie Mellon University Press,http://www.rattle.com/poetry/2012/07/early-creatures-native-gods-by-k-a-hays/
Rattle,12,08.10.2012,Susan MacMillan-Winmon,Female,Useless Landscape or A Guide For Boys,D.A. Powell,Male,Graywolf Press,http://www.rattle.com/poetry/2012/08/useless-landscapes-or-a-guide-for-boys-by-d-a-powell/
Rattle,12,08.15.2012,Carole Ann Borges,Female,Wild in the Plaza of Memory,Pamela Uschuk,Female,Wings Press,http://www.rattle.com/poetry/2012/08/wild-in-the-plaza-of-memory-by-pamela-uschuk/
Rattle,12,08.25.2012,J. Scott Brownlee,Male,American Boys,Alex Dimitrov,Male,Floating Wolf Quarterly,http://www.rattle.com/poetry/2012/08/american-boys-by-alex-dimitrov/
Rattle,12,08.30.2012,Peggy Kincaid,Female,Book of the Given,Rusty Morrison,Female,Noemi Press,http://www.rattle.com/poetry/2012/08/book-of-the-given-by-rusty-morrison/
Rattle,12,09.10.2012,Michael Meyerhofer,Male,My Index of Slightly Horrifying Knowledge,Paul Guest,Male,Ecco Press,http://www.rattle.com/poetry/2012/09/my-index-of-slightly-horrifying-knowledge-by-paul-guest/
Rattle,12,09.25.2012,Cory Andrews,Male,"Lone, An Index",Rebecca Lindenberg,Female,McSweeney's,http://www.rattle.com/poetry/2012/09/love-an-index-by-rebecca-lindenberg/
Rattle,12,09.30.2012,Barrett Warner,Male,Everyday People,Albert Goldbarth,Male,Graywolf Press,http://www.rattle.com/poetry/2012/09/everyday-people-by-albert-goldbarth/
Rattle,12,10.05.2012,Erica Gross,Female,How To Make A Bird With Two Hands,Mike White,Male,The Word Works,http://www.rattle.com/poetry/2012/10/how-to-make-a-bird-from-two-hands-by-mike-white/
Rattle,12,10.20.2012,Carol Derby,Female,The Last Sacred Place in North America,Stephen Haven,Male,New American Press,http://www.rattle.com/poetry/2012/10/the-last-sacred-place-in-north-america-by-stephen-haven/
Rattle,12,10.25.2012,Anita Sullivan,Female,Storm Crop,Stacie Leatherman,Female,BlazeVOX [books],http://www.rattle.com/poetry/2012/10/storm-crop-by-stacie-leatherman/
Rattle,12,10.30.2012,David Lee Garrison,Male,A Dance in the Street,Jared Carter,Male,Wind Publications,http://www.rattle.com/poetry/2012/10/a-dance-in-the-street-by-jared-carter/
Rattle,12,11.05.2012,Sandra Knauf,Female,Injecting Dreams into Cows,Jessy Randall,Female,Red Hen Press,http://www.rattle.com/poetry/2012/11/injecting-dreams-into-cows-by-jessy-randall/
Rattle,12,11.15.2012,Christopher J. Jarmick,Male,What I Saw,Jack McCarthy,Male,EM Press,http://www.rattle.com/poetry/2012/11/what-i-saw-by-jack-mccarthy/
Rattle,12,11.20.2012,J.K. Halligan,Male,Horseplay,Colette Inez,Female,Word Press,http://www.rattle.com/poetry/2012/11/horseplay-by-colette-inez/
Rattle,12,11.25.2012,Arthur McMaster,Male,In Beauty Bright,Gerald Stern,Male,W.W. Norton,http://www.rattle.com/poetry/2012/11/in-beauty-bright-by-gerald-stern/
Rattle,12,11.30.2012,Andrew Kozma,Male,The Catwalk Watch,Eric Basso,Male,Leaping Dog Press,http://www.rattle.com/poetry/2012/11/the-catwalk-watch-by-eric-basso/
Rattle,12,12.05.2012,Bruce Whiteman,Male,Plans Deranged by Time: The Poetry of George Fetherling,George Fetherling (edit.),Male,Wilfrid Laurier University Press,http://www.rattle.com/poetry/2012/12/plans-deranged-by-time-by-george-fetherling/
Rattle,12,12.10.2012,Barrett Warner,Male,Meeting Bone Man,Joseph Ross,Male,Main Street Rag Publishing,http://www.rattle.com/poetry/2012/12/meeting-bone-man-by-joseph-ross/
Rattle,12,12.15.2012,Jillian Saucier,Female,Finding My Elegy: New and Selected Poems,Ursula K. Le Guin,Female,"Houghton, Mifflin, Harcourt",http://www.rattle.com/poetry/2012/12/finding-my-elegy-by-ursula-k-le-guin/
Rattle,12,12.20.2012,Michael Shmeltzer,Male,"Otherwise, Soft White Ash",Kelli Allen,Female,John Gosselee Books,http://www.rattle.com/poetry/2012/12/otherwise-soft-white-ash-by-kelli-allen/
Rattle,12,12.25.2012,Howard Rosenberg,Male,Traveling Light,Linda Pastan,Female,W.W. Norton,http://www.rattle.com/poetry/2012/12/traveling-light-by-linda-pastan/
Rattle,12,12.30.2012,Christopher J. Jarmick,Male,Why We Have Evening,Leonard Orr,Male,Cherry Grove Collections,http://www.rattle.com/poetry/2012/12/why-we-have-evening-by-leonard-orr/
Rattle,13,01.05.2013,Gregg Mosson,Male,Talking in the Ear of the Donkey,Robert Bly,Male,W.W. Norton,http://www.rattle.com/poetry/2013/01/talking-into-the-ear-of-the-donkey-by-robert-bly/
Rattle,13,01.10.2013,Anne Champion,Female,Melancholia (An Essay),Kristina Marie Darling,Female,Ravenna Press,http://www.rattle.com/poetry/2013/01/melancholia-an-essay-by-kristina-marie-darling/
Rattle,13,01.15.2013,C.L. Bledsoe,Male,Cryptic Endearments,Howie Good,Male,The Knives Forks and Spoons Press,http://www.rattle.com/poetry/2013/01/cryptic-endearments-by-howie-good/
Rattle,13,01.20.2013,Marcie Newton,Female,Questions for the Sphinx,Stuart Barrow,Male,WordTech Editions,http://www.rattle.com/poetry/2013/01/questions-for-the-sphinx-by-stuart-bartow/
Rattle,13,01.25.2013,Alexandra Yurkovsky,Female,The Swerve,Julith Jedamus,Female,Carcanet Press,http://www.rattle.com/poetry/2013/01/the-swerve-by-julith-jedamus/
Rattle,13,01.30.2013,Christopher Prewitt,Male,Long Division,Alan Michael Parker,Male,Tupelo Press,http://www.rattle.com/poetry/2013/01/long-division-by-alan-michael-parker/
Rattle,13,02.05.2013,Conrad Geller,Male,Darkening the Grass,Michael Miller,Male,CavanKerry Press,http://www.rattle.com/poetry/2013/02/darkening-the-grass-by-michael-miller/
Rattle,13,02.10.2013,Carmen Germain,Female,The Long view Just Keeps Treading Water,James Doyle,Male,Accents Publishing,http://www.rattle.com/poetry/2013/02/the-long-view-just-keeps-treading-water-by-james-doyle/
Rattle,13,02.20.2013,Mary Harwell Sayler,Female,Pruning Burning Bushes,Sarah M. Wells,Female,Wipf & Stock,http://www.rattle.com/poetry/2013/02/pruning-burning-bushes-by-sarah-m-wells/
Rattle,13,02.25.2013,John Gardner,Male,And God Said: Let There Be Evolution!,Steve Henn,Male,NYQ Books,http://www.rattle.com/poetry/2013/02/and-god-said-let-there-be-evolution-by-steve-henn/
Rattle,13,03.05.2013,"Preston M. Browning, Jr.",Male,In Vitro: New Short Rhyming Poems Post-911,Leland Jamieson,Male,CreateSpace Independent Publishing Platform,http://www.rattle.com/poetry/2013/03/in-vitro-by-leland-jamieson/
Rattle,13,03.10.2013,Conrad Geller,Male,Dine-Rite: Breakfast Poems,Louis Daniel Brodsky,Male,Time Being Books,http://www.rattle.com/poetry/2013/03/dine-rite-breakfast-poems-by-louis-daniel-brodsky/
Rattle,13,03.20.2013,Kristina Marie Darling,Female,Robinson Alone,Kathleen Rooney,Female,Gold Wake Press,http://www.rattle.com/poetry/2013/03/robinson-alone-by-kathleen-rooney/
Rattle,13,03.25.2013,Anique Taylor,Female,Shoulda Been Jimi Savannah,Patricia Smith,Female,Coffee House Press,http://www.rattle.com/poetry/2013/03/shoulda-been-jimi-savannah-by-patricia-smith/
Rattle,13,04.05.2013,C.L. Bledsoe,Male,Looms,Camille Martin,Female,Shearsman Books,http://www.rattle.com/poetry/2013/04/looms-by-camille-martin/
Rattle,13,04.10.2013,Wesley Rothman,Male,The Oracle of Hollywood Boulevard,Dana Goodyear,Female,W.W. Norton,http://www.rattle.com/poetry/2013/04/the-oracle-of-hollywood-boulevard-by-dana-goodyear/
Rattle,13,04.30.2013,Christopher Moran,Male,Olives,A.E. Stallings,Female,Northwestern University Press,http://www.rattle.com/poetry/2013/04/olives-by-a-e-stallings/
Rattle,13,05.15.2013,Gail Fishman Gerwin,Female,I Wanted A City,Janet Marks,Female,WordTech Editions,http://www.rattle.com/poetry/2013/05/i-wanted-a-city-by-janet-marks/
Rattle,13,05.20.2013,Anita Sullivan,Female,Playing Bach in the D.C. Metro,David Lee Garrison,Male,Browser Books Publishing,http://www.rattle.com/poetry/2013/05/playing-bach-in-the-d-c-metro-by-david-lee-garrison/
Rattle,13,05.25.2013,Lynn Levin,Female,Charms Against Lightning,James Arthur,Male,Copper Canyon Press,http://www.rattle.com/poetry/2013/05/charms-against-lightning-by-james-arthur/
Rattle,13,05.30.2013,Anne Champion,Female,F IN,Carol Guess,Female,Noctuary Press,http://www.rattle.com/poetry/2013/05/f-in-by-carol-guess/
Rattle,13,06.05.2013,Conrad Geller,Male,The Rigid Body,Gabriel Spera,Male,The Ashland Poetry Press,http://www.rattle.com/poetry/2013/06/the-rigid-body-by-gabriel-spera/
Rattle,13,06.10.2013,Jane Alberdeston Coralin,Female,What We Ask of Flesh,Remica L. Bingham,Female,Etruscan Press,http://www.rattle.com/poetry/2013/06/what-we-ask-of-flesh-by-remica-l-bingham/
Rattle,13,06.15.2013,Anne Harding Woodworth,Female,What To Make Of It,Pamela Harrison,Female,Turning Point Books,http://www.rattle.com/poetry/2013/06/what-to-make-of-it-by-pamela-harrison/
Rattle,13,06.20.2013,Maggie Paul,Female,Miss Plastique,Lynn Levin,Female,Ragged Sky Press,http://www.rattle.com/poetry/2013/06/miss-plastique-by-lynn-levin/
Rattle,13,06.25.2013,Carmen Germain,Female,Breath Control,Maryann Corbett,Female,David Robert Books,http://www.rattle.com/poetry/2013/06/breath-control-by-maryann-corbett/
Rattle,13,06.30.2013,Timothy Bradford,Male,Vertical Hold,Jeff Simpson,Male,Steel Toe Books,http://www.rattle.com/poetry/2013/06/vertical-hold-by-jeff-simpson/
Rattle,13,07.15.2013,Jeffrey C. Alfier,Male,Cold Blue Steel,Sarah Cortez,Female,Texas Review Press,http://www.rattle.com/poetry/2013/07/cold-blue-steel-by-sarah-cortez/
Rattle,13,07.20.2013,Arthur McMaster,Male,The Winged Seed: A Remembrance,Li-Young Lee,Male,BOA Editions,http://www.rattle.com/poetry/2013/07/the-winged-seed-a-remembrance-by-li-young-lee/
Rattle,13,07.25.2013,John Yohe,Male,Ten Thousand Voices,Rick Kempa,Male,Littoral Press,http://www.rattle.com/poetry/2013/07/ten-thousand-voices-by-rick-kempa/
Rattle,13,07.30.2013,Lucy Biederman,Female,Tongue Lyre,Tyler Mills,Female,Southern Illinois University Press,http://www.rattle.com/poetry/2013/07/tongue-lyre-by-tyler-mills/
Rattle,13,08.05.2013,Teresa Mei Chuc,Female,A Large Dent in the Moon,Monty Campbell Jr.,Male,FootHills Publishing,http://www.rattle.com/poetry/2013/08/a-large-dent-in-the-moon-by-monty-campbell-jr/
Rattle,13,08.15.2013,Catherine Staples,Female,Mutiny Gallery,B.K. Fischer,Female,Truman State University Press,http://www.rattle.com/poetry/2013/08/mutiny-gallery-by-b-k-fischer/
Rattle,13,08.20.2013,Gail Fishman Gerwin,Female,The Place I Call Home,Maria Mazziotti Gillan,Female,NYQ Books,http://www.rattle.com/poetry/2013/08/the-place-i-call-home-by-maria-mazziotti-gillan/
Rattle,13,08.25.2013,Lesley Wheeler,Female,"Lillie Was A Goddess, Lillie Was A Whore",Penelope Scambly Schott,Female,Mayapple Press,http://www.rattle.com/poetry/2013/08/lillie-was-a-goddess-lillie-was-a-whore-by-penelope-scambly-schott/
Rattle,13,09.05.2013,Cameron Conaway,Male,In the Kingdom of the Ditch,Todd Davis,Male,Michigan State University Press,http://www.rattle.com/poetry/2013/09/in-the-kingdom-of-the-ditch-by-todd-davis/
Rattle,13,09.10.2013,Margaret Holley,Female,The Rattling Window,Catherine Staples,Female,The Ashland Poetry Press,http://www.rattle.com/poetry/2013/09/the-rattling-window-by-catherine-staples/
Rattle,13,09.20.2013,Isaiah Vianese,Male,Mules of Love,Ellen Bass,Female,BOA Editions,http://www.rattle.com/poetry/2013/09/mules-of-love-by-ellen-bass/
Rattle,13,09.25.2013,Gregory Loselle,Male,The Body's Physics,Janee Baugher,Female,Tebot Bach,http://www.rattle.com/poetry/2013/09/the-bodys-physics-by-janee-baugher/
Rattle,13,09.30.2013,Michelle Bitting,Female,The Silence Teacher,Robert Peake,Male,Poetry Salzburg,http://www.rattle.com/poetry/2013/09/the-silence-teacher-by-robert-peake/
Valparaiso Poetry Review,12,Fall 2012,Jeremy Telman,Male,Olives,A.E. Stallings,Female,Northwestern University Press,http://www.valpo.edu/vpr/v14n1/v14n1prose/telmanreviewstallingsolives.php
Valparaiso Poetry Review,12,Fall 2012,James Martin Spears,Male,The Water Books,Judith Vollmer,Female,Autumn House Press,http://www.valpo.edu/vpr/v14n1/v14n1prose/spearsreviewvollmer.php
Valparaiso Poetry Review,12,Fall 2012,Paul David Adkins,Male,White Papers,Martha Collins,Female,University of Pittsburgh Press,http://www.valpo.edu/vpr/v14n1/v14n1prose/adkinsreviewcollins.php
Valparaiso Poetry Review,12,Fall 2012,Joan Siegel,Female,Traction,Mary Makofske,Female,Ashland Poetry Press,http://www.valpo.edu/vpr/v14n1/v14n1prose/siegelreviewmakofske.php
Valparaiso Poetry Review,12,Fall 2012,Lori Desrosiers,Female,Wild in the Plaza of Memory,Pamela Uschuk,Female,Wings Press,http://www.valpo.edu/vpr/v14n1/v14n1prose/desrosiersreviewuschuk.php
Valparaiso Poetry Review,12,Summer 2012,Janet McCann,Female,Evensong,Ingrid Wendt,Female,Truman State University Press,http://www.valpo.edu/vpr/v13n2/v13n2prose/mccannreviewwendt.php
Valparaiso Poetry Review,12,Summer 2012,Paul David Adkins,Male,Tongue,Rachel Contreni Flynn,Female,Red Hen Press,http://www.valpo.edu/vpr/v13n2/v13n2prose/adkinsreviewflynn.php
Valparaiso Poetry Review,12,Summer 2012,Jeremy Telman,Male,Nevertheless,Wendy Videlock,Female,Able Muse Press,http://www.valpo.edu/vpr/v13n2/v13n2prose/telmanreviewvidelock.php
Valparaiso Poetry Review,13,Summer 2013,Catherine Meeks,Female,Dream Cabinet,Ann Fisher-Wirth,Female,Wings Press,http://www.valpo.edu/vpr/v14n2/v14n2prose/meeksreview.php
Valparaiso Poetry Review,13,Summer 2013,Paul David Adkins,Male,Monkey Ranch,Julie Bruck,Female,Brick Books,http://www.valpo.edu/vpr/v14n2/v14n2prose/adkins.php
